review;original score;predicted score;distance
https://stepik.org/review/reviews/1213780;0;13,93;13,93
https://stepik.org/review/reviews/1213313;0;13,92;13,92
https://stepik.org/review/reviews/1213768;0;13,88;13,88
https://stepik.org/review/reviews/1184381;0;13,64;13,64
https://stepik.org/review/reviews/1175905;1;12,09;11,09
https://stepik.org/review/reviews/1197816;3;13,97;10,97
https://stepik.org/review/reviews/1267616;2;12,78;10,78
https://stepik.org/review/reviews/1203897;3;13,73;10,73
https://stepik.org/review/reviews/1161418;14;3,99;10,01
https://stepik.org/review/reviews/1159109;14;3,99;10,01
https://stepik.org/review/reviews/1201786;4;13,99;9,99
https://stepik.org/review/reviews/1201816;4;13,77;9,77
https://stepik.org/review/reviews/1208154;3;12,09;9,09
https://stepik.org/review/reviews/1210793;5;13,98;8,98
https://stepik.org/review/reviews/1209675;5;13,93;8,93
https://stepik.org/review/reviews/1267684;5;13,93;8,93
https://stepik.org/review/reviews/1173620;5;13,92;8,92
https://stepik.org/review/reviews/1173227;5;13,92;8,92
https://stepik.org/review/reviews/1255462;5;13,81;8,81
https://stepik.org/review/reviews/1208642;5;13,76;8,76
https://stepik.org/review/reviews/1207813;4;12,09;8,09
https://stepik.org/review/reviews/1175981;6;13,98;7,98
https://stepik.org/review/reviews/1209408;6;13,98;7,98
https://stepik.org/review/reviews/1201113;6;13,93;7,93
https://stepik.org/review/reviews/1209454;4;11,67;7,67
https://stepik.org/review/reviews/1190213;7;13,99;6,99
https://stepik.org/review/reviews/1201762;7;13,98;6,98
https://stepik.org/review/reviews/1222302;7;13,97;6,97
https://stepik.org/review/reviews/1253501;7;13,95;6,95
https://stepik.org/review/reviews/1211362;7;13,94;6,94
https://stepik.org/review/reviews/1208760;7;13,94;6,94
https://stepik.org/review/reviews/1216284;7;13,94;6,94
https://stepik.org/review/reviews/1253521;7;13,94;6,94
https://stepik.org/review/reviews/1188686;7;13,94;6,94
https://stepik.org/review/reviews/1189423;7;13,93;6,93
https://stepik.org/review/reviews/1180447;7;13,92;6,92
https://stepik.org/review/reviews/1216270;7;13,92;6,92
https://stepik.org/review/reviews/1275342;7;13,92;6,92
https://stepik.org/review/reviews/1189197;7;13,92;6,92
https://stepik.org/review/reviews/1201238;7;13,91;6,91
https://stepik.org/review/reviews/1208742;7;13,9;6,9
https://stepik.org/review/reviews/1221165;7;13,89;6,89
https://stepik.org/review/reviews/1216281;7;13,89;6,89
https://stepik.org/review/reviews/1211350;7;13,87;6,87
https://stepik.org/review/reviews/1176086;7;13,83;6,83
https://stepik.org/review/reviews/1248059;7;13,83;6,83
https://stepik.org/review/reviews/1280570;7;13,79;6,79
https://stepik.org/review/reviews/1209300;7;13,76;6,76
https://stepik.org/review/reviews/1269520;7;13,7;6,7
https://stepik.org/review/reviews/1269553;14;7,4;6,6
https://stepik.org/review/reviews/1272732;1;7,4;6,4
https://stepik.org/review/reviews/1313625;8;13,99;5,99
https://stepik.org/review/reviews/1217482;8;13,99;5,99
https://stepik.org/review/reviews/1197450;8;13,99;5,99
https://stepik.org/review/reviews/1161764;8;13,95;5,95
https://stepik.org/review/reviews/1209699;8;13,95;5,95
https://stepik.org/review/reviews/1207822;8;13,94;5,94
https://stepik.org/review/reviews/1209784;8;13,94;5,94
https://stepik.org/review/reviews/1201202;8;13,94;5,94
https://stepik.org/review/reviews/1210782;8;13,91;5,91
https://stepik.org/review/reviews/1247951;8;13,9;5,9
https://stepik.org/review/reviews/1213340;8;13,9;5,9
https://stepik.org/review/reviews/1254354;8;13,9;5,9
https://stepik.org/review/reviews/1254350;8;13,89;5,89
https://stepik.org/review/reviews/1172794;8;13,88;5,88
https://stepik.org/review/reviews/1213790;8;13,85;5,85
https://stepik.org/review/reviews/1243055;8;13,82;5,82
https://stepik.org/review/reviews/1275325;7;12,78;5,78
https://stepik.org/review/reviews/1289583;8;13,27;5,27
https://stepik.org/review/reviews/1180339;9;13,99;4,99
https://stepik.org/review/reviews/1213256;9;13,95;4,95
https://stepik.org/review/reviews/1208101;9;13,94;4,94
https://stepik.org/review/reviews/1218750;9;13,94;4,94
https://stepik.org/review/reviews/1184913;9;13,94;4,94
https://stepik.org/review/reviews/1220083;9;13,94;4,94
https://stepik.org/review/reviews/1220146;9;13,91;4,91
https://stepik.org/review/reviews/1242442;9;13,89;4,89
https://stepik.org/review/reviews/1208625;9;13,89;4,89
https://stepik.org/review/reviews/1232863;9;13,83;4,83
https://stepik.org/review/reviews/1256035;9;13,82;4,82
https://stepik.org/review/reviews/1209346;9;13,76;4,76
https://stepik.org/review/reviews/1190569;0;4,38;4,38
https://stepik.org/review/reviews/1191553;0;4,38;4,38
https://stepik.org/review/reviews/1191707;0;4,38;4,38
https://stepik.org/review/reviews/1190575;8;12,09;4,09
https://stepik.org/review/reviews/1211406;10;14;4
https://stepik.org/review/reviews/1183064;10;13,99;3,99
https://stepik.org/review/reviews/1198513;10;13,99;3,99
https://stepik.org/review/reviews/1161827;0;3,99;3,99
https://stepik.org/review/reviews/1198475;10;13,99;3,99
https://stepik.org/review/reviews/1183842;10;13,98;3,98
https://stepik.org/review/reviews/1183977;10;13,98;3,98
https://stepik.org/review/reviews/1219802;10;13,97;3,97
https://stepik.org/review/reviews/1253441;10;13,97;3,97
https://stepik.org/review/reviews/1222282;10;13,97;3,97
https://stepik.org/review/reviews/1233908;10;13,97;3,97
https://stepik.org/review/reviews/1231924;10;13,97;3,97
https://stepik.org/review/reviews/1206722;10;13,96;3,96
https://stepik.org/review/reviews/1256059;10;13,95;3,95
https://stepik.org/review/reviews/1161516;10;13,95;3,95
https://stepik.org/review/reviews/1207833;10;13,95;3,95
https://stepik.org/review/reviews/1166475;10;13,94;3,94
https://stepik.org/review/reviews/1256069;10;13,94;3,94
https://stepik.org/review/reviews/1236297;10;13,93;3,93
https://stepik.org/review/reviews/1173058;10;13,92;3,92
https://stepik.org/review/reviews/1213253;10;13,92;3,92
https://stepik.org/review/reviews/1205448;10;13,92;3,92
https://stepik.org/review/reviews/1251189;10;13,92;3,92
https://stepik.org/review/reviews/1205300;10;13,92;3,92
https://stepik.org/review/reviews/1254345;10;13,91;3,91
https://stepik.org/review/reviews/1197656;10;13,9;3,9
https://stepik.org/review/reviews/1211577;10;13,89;3,89
https://stepik.org/review/reviews/1208124;10;13,89;3,89
https://stepik.org/review/reviews/1207229;10;13,89;3,89
https://stepik.org/review/reviews/1218080;10;13,74;3,74
https://stepik.org/review/reviews/1233928;10;13,54;3,54
https://stepik.org/review/reviews/1191561;9;12,09;3,09
https://stepik.org/review/reviews/1210757;11;13,99;2,99
https://stepik.org/review/reviews/1231930;11;13,99;2,99
https://stepik.org/review/reviews/1253421;11;13,98;2,98
https://stepik.org/review/reviews/1179123;11;13,98;2,98
https://stepik.org/review/reviews/1214332;11;13,98;2,98
https://stepik.org/review/reviews/1207802;11;13,97;2,97
https://stepik.org/review/reviews/1218990;11;13,97;2,97
https://stepik.org/review/reviews/1222513;11;13,97;2,97
https://stepik.org/review/reviews/1220577;11;13,97;2,97
https://stepik.org/review/reviews/1207261;11;13,95;2,95
https://stepik.org/review/reviews/1207829;11;13,95;2,95
https://stepik.org/review/reviews/1231893;11;13,95;2,95
https://stepik.org/review/reviews/1257831;11;13,95;2,95
https://stepik.org/review/reviews/1233959;11;13,95;2,95
https://stepik.org/review/reviews/1217397;11;13,95;2,95
https://stepik.org/review/reviews/1202369;11;13,95;2,95
https://stepik.org/review/reviews/1211484;11;13,95;2,95
https://stepik.org/review/reviews/1211596;11;13,94;2,94
https://stepik.org/review/reviews/1198499;11;13,94;2,94
https://stepik.org/review/reviews/1252087;11;13,94;2,94
https://stepik.org/review/reviews/1232860;11;13,94;2,94
https://stepik.org/review/reviews/1222487;11;13,94;2,94
https://stepik.org/review/reviews/1236608;11;13,93;2,93
https://stepik.org/review/reviews/1263575;11;13,93;2,93
https://stepik.org/review/reviews/1190361;11;13,93;2,93
https://stepik.org/review/reviews/1182208;11;13,93;2,93
https://stepik.org/review/reviews/1227779;11;13,93;2,93
https://stepik.org/review/reviews/1233936;11;13,93;2,93
https://stepik.org/review/reviews/1242491;11;13,92;2,92
https://stepik.org/review/reviews/1204040;11;13,92;2,92
https://stepik.org/review/reviews/1233946;11;13,91;2,91
https://stepik.org/review/reviews/1211102;11;13,91;2,91
https://stepik.org/review/reviews/1234626;11;13,91;2,91
https://stepik.org/review/reviews/1201867;11;13,91;2,91
https://stepik.org/review/reviews/1217388;11;13,9;2,9
https://stepik.org/review/reviews/1208706;11;13,9;2,9
https://stepik.org/review/reviews/1220169;11;13,89;2,89
https://stepik.org/review/reviews/1184378;11;13,89;2,89
https://stepik.org/review/reviews/1227660;11;13,88;2,88
https://stepik.org/review/reviews/1263451;11;13,88;2,88
https://stepik.org/review/reviews/1170567;11;13,88;2,88
https://stepik.org/review/reviews/1187017;11;13,88;2,88
https://stepik.org/review/reviews/1211173;11;13,87;2,87
https://stepik.org/review/reviews/1209796;11;13,87;2,87
https://stepik.org/review/reviews/1209666;11;13,86;2,86
https://stepik.org/review/reviews/1256493;11;13,86;2,86
https://stepik.org/review/reviews/1217405;11;13,85;2,85
https://stepik.org/review/reviews/1234603;11;13,83;2,83
https://stepik.org/review/reviews/1218752;11;13,83;2,83
https://stepik.org/review/reviews/1179132;11;13,83;2,83
https://stepik.org/review/reviews/1215043;11;13,83;2,83
https://stepik.org/review/reviews/1170505;11;13,82;2,82
https://stepik.org/review/reviews/1213651;11;13,8;2,8
https://stepik.org/review/reviews/1208938;11;13,78;2,78
https://stepik.org/review/reviews/1209244;11;13,76;2,76
https://stepik.org/review/reviews/1257792;11;13,76;2,76
https://stepik.org/review/reviews/1205454;11;13,75;2,75
https://stepik.org/review/reviews/1241279;11;13,69;2,69
https://stepik.org/review/reviews/1208751;11;13,5;2,5
https://stepik.org/review/reviews/1209340;14;11,67;2,33
https://stepik.org/review/reviews/1211372;12;14;2
https://stepik.org/review/reviews/1202387;12;14;2
https://stepik.org/review/reviews/1175644;12;14;2
https://stepik.org/review/reviews/1211430;12;13,99;1,99
https://stepik.org/review/reviews/1188034;12;13,99;1,99
https://stepik.org/review/reviews/1249815;12;13,99;1,99
https://stepik.org/review/reviews/1196527;12;13,99;1,99
https://stepik.org/review/reviews/1255629;12;13,98;1,98
https://stepik.org/review/reviews/1220048;12;13,98;1,98
https://stepik.org/review/reviews/1188041;12;13,98;1,98
https://stepik.org/review/reviews/1201843;12;13,98;1,98
https://stepik.org/review/reviews/1175694;12;13,98;1,98
https://stepik.org/review/reviews/1202423;12;13,98;1,98
https://stepik.org/review/reviews/1211034;12;13,98;1,98
https://stepik.org/review/reviews/1216528;12;13,98;1,98
https://stepik.org/review/reviews/1215993;12;13,98;1,98
https://stepik.org/review/reviews/1176972;12;13,98;1,98
https://stepik.org/review/reviews/1177263;12;13,98;1,98
https://stepik.org/review/reviews/1211408;12;13,98;1,98
https://stepik.org/review/reviews/1184353;12;13,98;1,98
https://stepik.org/review/reviews/1206713;12;13,97;1,97
https://stepik.org/review/reviews/1184470;12;13,97;1,97
https://stepik.org/review/reviews/1201447;12;13,97;1,97
https://stepik.org/review/reviews/1205108;12;13,96;1,96
https://stepik.org/review/reviews/1253449;12;13,96;1,96
https://stepik.org/review/reviews/1207810;12;13,96;1,96
https://stepik.org/review/reviews/1236586;12;13,96;1,96
https://stepik.org/review/reviews/1205303;12;13,95;1,95
https://stepik.org/review/reviews/1205289;12;13,95;1,95
https://stepik.org/review/reviews/1166473;12;13,95;1,95
https://stepik.org/review/reviews/1201892;12;13,95;1,95
https://stepik.org/review/reviews/1250051;12;13,95;1,95
https://stepik.org/review/reviews/1252225;12;13,95;1,95
https://stepik.org/review/reviews/1211474;12;13,94;1,94
https://stepik.org/review/reviews/1250434;12;13,94;1,94
https://stepik.org/review/reviews/1226315;12;13,94;1,94
https://stepik.org/review/reviews/1234578;12;13,94;1,94
https://stepik.org/review/reviews/1221291;12;13,94;1,94
https://stepik.org/review/reviews/1170194;12;13,94;1,94
https://stepik.org/review/reviews/1217135;12;13,94;1,94
https://stepik.org/review/reviews/1256489;12;13,94;1,94
https://stepik.org/review/reviews/1250073;12;13,94;1,94
https://stepik.org/review/reviews/1184375;12;13,94;1,94
https://stepik.org/review/reviews/1221279;12;13,94;1,94
https://stepik.org/review/reviews/1237619;12;13,94;1,94
https://stepik.org/review/reviews/1190146;12;13,93;1,93
https://stepik.org/review/reviews/1250432;12;13,93;1,93
https://stepik.org/review/reviews/1217123;12;13,93;1,93
https://stepik.org/review/reviews/1210825;12;13,93;1,93
https://stepik.org/review/reviews/1199513;12;13,93;1,93
https://stepik.org/review/reviews/1183993;12;13,93;1,93
https://stepik.org/review/reviews/1182599;12;13,93;1,93
https://stepik.org/review/reviews/1209417;12;13,93;1,93
https://stepik.org/review/reviews/1247866;12;13,93;1,93
https://stepik.org/review/reviews/1190159;12;13,93;1,93
https://stepik.org/review/reviews/1217363;12;13,93;1,93
https://stepik.org/review/reviews/1184562;12;13,93;1,93
https://stepik.org/review/reviews/1213682;12;13,93;1,93
https://stepik.org/review/reviews/1191678;12;13,93;1,93
https://stepik.org/review/reviews/1208627;12;13,92;1,92
https://stepik.org/review/reviews/1210808;12;13,92;1,92
https://stepik.org/review/reviews/1182099;12;13,92;1,92
https://stepik.org/review/reviews/1254554;12;13,92;1,92
https://stepik.org/review/reviews/1218999;12;13,92;1,92
https://stepik.org/review/reviews/1236285;12;13,92;1,92
https://stepik.org/review/reviews/1222206;12;13,91;1,91
https://stepik.org/review/reviews/1206949;14;12,09;1,91
https://stepik.org/review/reviews/1221808;12;13,9;1,9
https://stepik.org/review/reviews/1208679;12;13,9;1,9
https://stepik.org/review/reviews/1186608;12;13,9;1,9
https://stepik.org/review/reviews/1211346;12;13,89;1,89
https://stepik.org/review/reviews/1212271;12;13,89;1,89
https://stepik.org/review/reviews/1208134;12;13,89;1,89
https://stepik.org/review/reviews/1217146;12;13,89;1,89
https://stepik.org/review/reviews/1219684;12;13,89;1,89
https://stepik.org/review/reviews/1236288;12;13,88;1,88
https://stepik.org/review/reviews/1223117;12;13,88;1,88
https://stepik.org/review/reviews/1208863;12;13,88;1,88
https://stepik.org/review/reviews/1186724;12;13,88;1,88
https://stepik.org/review/reviews/1261907;12;13,87;1,87
https://stepik.org/review/reviews/1242202;12;13,84;1,84
https://stepik.org/review/reviews/1211127;12;13,84;1,84
https://stepik.org/review/reviews/1249111;12;13,83;1,83
https://stepik.org/review/reviews/1217381;12;13,82;1,82
https://stepik.org/review/reviews/1199116;12;13,81;1,81
https://stepik.org/review/reviews/1170533;12;13,79;1,79
https://stepik.org/review/reviews/1199284;12;13,77;1,77
https://stepik.org/review/reviews/1203977;12;13,73;1,73
https://stepik.org/review/reviews/1216908;12;13,7;1,7
https://stepik.org/review/reviews/1199051;12;13,69;1,69
https://stepik.org/review/reviews/1208758;12;13,5;1,5
https://stepik.org/review/reviews/1275678;14;12,64;1,36
https://stepik.org/review/reviews/1274587;14;12,78;1,22
https://stepik.org/review/reviews/1196603;13;14;1
https://stepik.org/review/reviews/1217673;13;14;1
https://stepik.org/review/reviews/1203312;13;14;1
https://stepik.org/review/reviews/1173002;13;14;1
https://stepik.org/review/reviews/1180700;13;13,99;0,99
https://stepik.org/review/reviews/1163123;13;13,99;0,99
https://stepik.org/review/reviews/1210819;13;13,99;0,99
https://stepik.org/review/reviews/1258422;13;13,99;0,99
https://stepik.org/review/reviews/1216102;13;13,99;0,99
https://stepik.org/review/reviews/1247682;13;13,99;0,99
https://stepik.org/review/reviews/1209367;13;13,99;0,99
https://stepik.org/review/reviews/1219007;13;13,99;0,99
https://stepik.org/review/reviews/1217597;13;13,99;0,99
https://stepik.org/review/reviews/1201850;13;13,98;0,98
https://stepik.org/review/reviews/1201873;13;13,98;0,98
https://stepik.org/review/reviews/1261783;13;13,98;0,98
https://stepik.org/review/reviews/1184229;13;13,98;0,98
https://stepik.org/review/reviews/1256275;13;13,98;0,98
https://stepik.org/review/reviews/1254628;13;13,98;0,98
https://stepik.org/review/reviews/1254854;13;13,98;0,98
https://stepik.org/review/reviews/1247115;13;13,98;0,98
https://stepik.org/review/reviews/1207972;13;13,97;0,97
https://stepik.org/review/reviews/1184563;13;13,97;0,97
https://stepik.org/review/reviews/1209753;13;13,97;0,97
https://stepik.org/review/reviews/1220575;13;13,97;0,97
https://stepik.org/review/reviews/1197540;13;13,97;0,97
https://stepik.org/review/reviews/1249136;13;13,97;0,97
https://stepik.org/review/reviews/1208165;13;13,96;0,96
https://stepik.org/review/reviews/1186401;13;13,96;0,96
https://stepik.org/review/reviews/1249783;13;13,95;0,95
https://stepik.org/review/reviews/1263446;13;13,95;0,95
https://stepik.org/review/reviews/1253512;13;13,95;0,95
https://stepik.org/review/reviews/1252473;13;13,95;0,95
https://stepik.org/review/reviews/1188174;13;13,95;0,95
https://stepik.org/review/reviews/1191921;13;13,95;0,95
https://stepik.org/review/reviews/1202692;13;13,95;0,95
https://stepik.org/review/reviews/1185213;13;13,94;0,94
https://stepik.org/review/reviews/1262963;13;13,94;0,94
https://stepik.org/review/reviews/1208115;13;13,94;0,94
https://stepik.org/review/reviews/1199162;13;13,94;0,94
https://stepik.org/review/reviews/1213250;13;13,94;0,94
https://stepik.org/review/reviews/1252259;13;13,94;0,94
https://stepik.org/review/reviews/1224797;13;13,94;0,94
https://stepik.org/review/reviews/1214064;13;13,94;0,94
https://stepik.org/review/reviews/1209679;13;13,94;0,94
https://stepik.org/review/reviews/1217885;13;13,94;0,94
https://stepik.org/review/reviews/1256480;13;13,94;0,94
https://stepik.org/review/reviews/1208845;13;13,94;0,94
https://stepik.org/review/reviews/1209122;13;13,94;0,94
https://stepik.org/review/reviews/1184515;13;13,94;0,94
https://stepik.org/review/reviews/1249826;13;13,94;0,94
https://stepik.org/review/reviews/1213408;13;13,94;0,94
https://stepik.org/review/reviews/1222405;13;13,94;0,94
https://stepik.org/review/reviews/1166474;13;13,93;0,93
https://stepik.org/review/reviews/1183129;13;13,93;0,93
https://stepik.org/review/reviews/1249616;13;13,93;0,93
https://stepik.org/review/reviews/1249605;13;13,93;0,93
https://stepik.org/review/reviews/1231760;13;13,93;0,93
https://stepik.org/review/reviews/1274578;13;13,93;0,93
https://stepik.org/review/reviews/1267581;13;13,93;0,93
https://stepik.org/review/reviews/1208749;13;13,92;0,92
https://stepik.org/review/reviews/1181645;13;13,92;0,92
https://stepik.org/review/reviews/1226316;13;13,92;0,92
https://stepik.org/review/reviews/1247676;13;13,92;0,92
https://stepik.org/review/reviews/1241289;13;13,92;0,92
https://stepik.org/review/reviews/1241936;13;13,92;0,92
https://stepik.org/review/reviews/1184937;13;13,92;0,92
https://stepik.org/review/reviews/1226311;13;13,91;0,91
https://stepik.org/review/reviews/1231802;13;13,91;0,91
https://stepik.org/review/reviews/1208662;13;13,91;0,91
https://stepik.org/review/reviews/1222407;13;13,89;0,89
https://stepik.org/review/reviews/1241937;13;13,88;0,88
https://stepik.org/review/reviews/1242185;13;13,88;0,88
https://stepik.org/review/reviews/1208888;13;13,88;0,88
https://stepik.org/review/reviews/1213673;13;13,88;0,88
https://stepik.org/review/reviews/1208645;13;13,87;0,87
https://stepik.org/review/reviews/1208150;13;13,86;0,86
https://stepik.org/review/reviews/1261870;13;13,86;0,86
https://stepik.org/review/reviews/1228058;13;13,85;0,85
https://stepik.org/review/reviews/1271479;13;13,84;0,84
https://stepik.org/review/reviews/1188281;13;13,84;0,84
https://stepik.org/review/reviews/1243045;13;13,84;0,84
https://stepik.org/review/reviews/1159121;13;13,84;0,84
https://stepik.org/review/reviews/1220110;13;13,83;0,83
https://stepik.org/review/reviews/1170686;13;13,83;0,83
https://stepik.org/review/reviews/1201809;13;13,83;0,83
https://stepik.org/review/reviews/1249798;13;13,83;0,83
https://stepik.org/review/reviews/1170017;13;13,82;0,82
https://stepik.org/review/reviews/1254551;13;13,82;0,82
https://stepik.org/review/reviews/1199463;13;13,81;0,81
https://stepik.org/review/reviews/1172749;13;13,79;0,79
https://stepik.org/review/reviews/1184528;13;13,79;0,79
https://stepik.org/review/reviews/1200977;13;13,77;0,77
https://stepik.org/review/reviews/1206676;13;13,75;0,75
https://stepik.org/review/reviews/1205602;13;13,75;0,75
https://stepik.org/review/reviews/1208355;13;13,75;0,75
https://stepik.org/review/reviews/1218738;13;13,74;0,74
https://stepik.org/review/reviews/1203967;13;13,73;0,73
https://stepik.org/review/reviews/1272744;14;13,27;0,73
https://stepik.org/review/reviews/1217273;13;13,7;0,7
https://stepik.org/review/reviews/1241358;13;13,69;0,69
https://stepik.org/review/reviews/1208959;14;13,32;0,68
https://stepik.org/review/reviews/1209118;14;13,32;0,68
https://stepik.org/review/reviews/1209480;14;13,32;0,68
https://stepik.org/review/reviews/1208923;11;11,67;0,67
https://stepik.org/review/reviews/1227738;14;13,44;0,56
https://stepik.org/review/reviews/1221654;14;13,44;0,56
https://stepik.org/review/reviews/1222227;14;13,44;0,56
https://stepik.org/review/reviews/1208729;13;13,5;0,5
https://stepik.org/review/reviews/1208739;14;13,5;0,5
https://stepik.org/review/reviews/1233922;14;13,54;0,46
https://stepik.org/review/reviews/1238728;14;13,54;0,46
https://stepik.org/review/reviews/1186226;14;13,58;0,42
https://stepik.org/review/reviews/1186230;14;13,58;0,42
https://stepik.org/review/reviews/1186328;14;13,58;0,42
https://stepik.org/review/reviews/1184583;14;13,64;0,36
https://stepik.org/review/reviews/1183005;14;13,64;0,36
https://stepik.org/review/reviews/1224850;14;13,69;0,31
https://stepik.org/review/reviews/1227818;14;13,69;0,31
https://stepik.org/review/reviews/1222498;14;13,69;0,31
https://stepik.org/review/reviews/1198629;14;13,69;0,31
https://stepik.org/review/reviews/1198752;14;13,69;0,31
https://stepik.org/review/reviews/1242334;14;13,69;0,31
https://stepik.org/review/reviews/1268119;14;13,7;0,3
https://stepik.org/review/reviews/1266852;14;13,7;0,3
https://stepik.org/review/reviews/1216636;14;13,7;0,3
https://stepik.org/review/reviews/1203867;14;13,73;0,27
https://stepik.org/review/reviews/1217080;14;13,74;0,26
https://stepik.org/review/reviews/1216577;14;13,74;0,26
https://stepik.org/review/reviews/1216605;14;13,74;0,26
https://stepik.org/review/reviews/1216781;14;13,74;0,26
https://stepik.org/review/reviews/1208372;14;13,75;0,25
https://stepik.org/review/reviews/1208314;14;13,75;0,25
https://stepik.org/review/reviews/1205457;14;13,75;0,25
https://stepik.org/review/reviews/1205740;14;13,75;0,25
https://stepik.org/review/reviews/1205743;14;13,75;0,25
https://stepik.org/review/reviews/1206032;14;13,75;0,25
https://stepik.org/review/reviews/1257788;14;13,76;0,24
https://stepik.org/review/reviews/1257977;14;13,76;0,24
https://stepik.org/review/reviews/1208462;14;13,76;0,24
https://stepik.org/review/reviews/1208587;14;13,76;0,24
https://stepik.org/review/reviews/1208918;14;13,76;0,24
https://stepik.org/review/reviews/1208873;14;13,76;0,24
https://stepik.org/review/reviews/1208883;14;13,76;0,24
https://stepik.org/review/reviews/1209206;14;13,76;0,24
https://stepik.org/review/reviews/1209012;14;13,78;0,22
https://stepik.org/review/reviews/1209484;14;13,78;0,22
https://stepik.org/review/reviews/1186054;14;13,79;0,21
https://stepik.org/review/reviews/1186210;14;13,79;0,21
https://stepik.org/review/reviews/1186211;14;13,79;0,21
https://stepik.org/review/reviews/1272705;14;13,79;0,21
https://stepik.org/review/reviews/1269521;14;13,79;0,21
https://stepik.org/review/reviews/1172584;14;13,79;0,21
https://stepik.org/review/reviews/1234143;14;13,8;0,2
https://stepik.org/review/reviews/1213117;14;13,8;0,2
https://stepik.org/review/reviews/1212304;14;13,8;0,2
https://stepik.org/review/reviews/1198342;14;13,81;0,19
https://stepik.org/review/reviews/1254635;14;13,81;0,19
https://stepik.org/review/reviews/1254802;14;13,81;0,19
https://stepik.org/review/reviews/1243306;14;13,82;0,18
https://stepik.org/review/reviews/1243513;14;13,82;0,18
https://stepik.org/review/reviews/1247654;14;13,82;0,18
https://stepik.org/review/reviews/1248031;14;13,82;0,18
https://stepik.org/review/reviews/1246066;14;13,82;0,18
https://stepik.org/review/reviews/1195525;14;13,82;0,18
https://stepik.org/review/reviews/1195813;14;13,82;0,18
https://stepik.org/review/reviews/1189885;14;13,82;0,18
https://stepik.org/review/reviews/1254322;14;13,82;0,18
https://stepik.org/review/reviews/1217285;14;13,82;0,18
https://stepik.org/review/reviews/1217493;14;13,82;0,18
https://stepik.org/review/reviews/1169799;14;13,82;0,18
https://stepik.org/review/reviews/1203910;14;13,82;0,18
https://stepik.org/review/reviews/1203996;14;13,82;0,18
https://stepik.org/review/reviews/1204008;14;13,82;0,18
https://stepik.org/review/reviews/1201979;14;13,82;0,18
https://stepik.org/review/reviews/1214879;14;13,83;0,17
https://stepik.org/review/reviews/1216263;14;13,83;0,17
https://stepik.org/review/reviews/1186347;14;13,83;0,17
https://stepik.org/review/reviews/1186535;14;13,83;0,17
https://stepik.org/review/reviews/1186645;14;13,83;0,17
https://stepik.org/review/reviews/1200885;14;13,83;0,17
https://stepik.org/review/reviews/1201044;14;13,83;0,17
https://stepik.org/review/reviews/1201615;14;13,83;0,17
https://stepik.org/review/reviews/1218764;14;13,83;0,17
https://stepik.org/review/reviews/1255497;14;13,83;0,17
https://stepik.org/review/reviews/1256150;14;13,83;0,17
https://stepik.org/review/reviews/1256229;14;13,83;0,17
https://stepik.org/review/reviews/1234138;14;13,83;0,17
https://stepik.org/review/reviews/1211311;14;13,84;0,16
https://stepik.org/review/reviews/1209969;14;13,84;0,16
https://stepik.org/review/reviews/1161431;14;13,84;0,16
https://stepik.org/review/reviews/1161677;14;13,84;0,16
https://stepik.org/review/reviews/1241983;14;13,84;0,16
https://stepik.org/review/reviews/1209810;14;13,84;0,16
https://stepik.org/review/reviews/1209897;14;13,84;0,16
https://stepik.org/review/reviews/1209911;14;13,84;0,16
https://stepik.org/review/reviews/1208444;14;13,84;0,16
https://stepik.org/review/reviews/1208456;14;13,84;0,16
https://stepik.org/review/reviews/1208570;14;13,84;0,16
https://stepik.org/review/reviews/1188177;14;13,84;0,16
https://stepik.org/review/reviews/1188312;14;13,84;0,16
https://stepik.org/review/reviews/1266206;14;13,84;0,16
https://stepik.org/review/reviews/1266865;14;13,84;0,16
https://stepik.org/review/reviews/1271465;14;13,84;0,16
https://stepik.org/review/reviews/1266211;14;13,84;0,16
https://stepik.org/review/reviews/1266878;14;13,84;0,16
https://stepik.org/review/reviews/1213803;14;13,85;0,15
https://stepik.org/review/reviews/1213839;14;13,85;0,15
https://stepik.org/review/reviews/1217234;14;13,85;0,15
https://stepik.org/review/reviews/1217975;14;13,85;0,15
https://stepik.org/review/reviews/1231405;14;13,85;0,15
https://stepik.org/review/reviews/1232848;14;13,85;0,15
https://stepik.org/review/reviews/1258269;14;13,86;0,14
https://stepik.org/review/reviews/1208392;14;13,86;0,14
https://stepik.org/review/reviews/1207674;14;13,86;0,14
https://stepik.org/review/reviews/1209489;14;13,86;0,14
https://stepik.org/review/reviews/1209682;14;13,86;0,14
https://stepik.org/review/reviews/1216546;14;13,86;0,14
https://stepik.org/review/reviews/1214059;14;13,86;0,14
https://stepik.org/review/reviews/1216434;14;13,86;0,14
https://stepik.org/review/reviews/1255488;14;13,87;0,13
https://stepik.org/review/reviews/1254740;14;13,87;0,13
https://stepik.org/review/reviews/1255007;14;13,87;0,13
https://stepik.org/review/reviews/1209751;14;13,87;0,13
https://stepik.org/review/reviews/1209920;14;13,87;0,13
https://stepik.org/review/reviews/1211295;14;13,87;0,13
https://stepik.org/review/reviews/1208655;14;13,87;0,13
https://stepik.org/review/reviews/1208521;14;13,87;0,13
https://stepik.org/review/reviews/1245388;14;13,87;0,13
https://stepik.org/review/reviews/1247643;14;13,87;0,13
https://stepik.org/review/reviews/1246035;14;13,87;0,13
https://stepik.org/review/reviews/1263285;14;13,87;0,13
https://stepik.org/review/reviews/1263287;14;13,87;0,13
https://stepik.org/review/reviews/1213120;14;13,88;0,12
https://stepik.org/review/reviews/1186934;14;13,88;0,12
https://stepik.org/review/reviews/1187258;14;13,88;0,12
https://stepik.org/review/reviews/1214867;14;13,88;0,12
https://stepik.org/review/reviews/1215038;14;13,88;0,12
https://stepik.org/review/reviews/1214348;14;13,88;0,12
https://stepik.org/review/reviews/1209464;14;13,88;0,12
https://stepik.org/review/reviews/1191518;14;13,88;0,12
https://stepik.org/review/reviews/1191648;14;13,88;0,12
https://stepik.org/review/reviews/1193918;14;13,88;0,12
https://stepik.org/review/reviews/1241964;14;13,88;0,12
https://stepik.org/review/reviews/1241191;14;13,88;0,12
https://stepik.org/review/reviews/1241345;14;13,88;0,12
https://stepik.org/review/reviews/1237647;14;13,88;0,12
https://stepik.org/review/reviews/1172631;14;13,88;0,12
https://stepik.org/review/reviews/1266127;14;13,88;0,12
https://stepik.org/review/reviews/1258062;14;13,88;0,12
https://stepik.org/review/reviews/1222410;14;13,88;0,12
https://stepik.org/review/reviews/1224568;14;13,88;0,12
https://stepik.org/review/reviews/1224821;14;13,88;0,12
https://stepik.org/review/reviews/1227746;14;13,88;0,12
https://stepik.org/review/reviews/1241282;14;13,88;0,12
https://stepik.org/review/reviews/1241377;14;13,88;0,12
https://stepik.org/review/reviews/1206623;14;13,89;0,11
https://stepik.org/review/reviews/1207168;14;13,89;0,11
https://stepik.org/review/reviews/1216520;14;13,89;0,11
https://stepik.org/review/reviews/1216271;14;13,89;0,11
https://stepik.org/review/reviews/1183639;14;13,89;0,11
https://stepik.org/review/reviews/1183659;14;13,89;0,11
https://stepik.org/review/reviews/1251578;14;13,89;0,11
https://stepik.org/review/reviews/1254283;14;13,89;0,11
https://stepik.org/review/reviews/1254310;14;13,89;0,11
https://stepik.org/review/reviews/1258273;14;13,89;0,11
https://stepik.org/review/reviews/1263266;14;13,89;0,11
https://stepik.org/review/reviews/1263274;14;13,89;0,11
https://stepik.org/review/reviews/1208342;14;13,89;0,11
https://stepik.org/review/reviews/1208458;14;13,89;0,11
https://stepik.org/review/reviews/1208956;14;13,89;0,11
https://stepik.org/review/reviews/1208504;14;13,89;0,11
https://stepik.org/review/reviews/1208518;14;13,89;0,11
https://stepik.org/review/reviews/1219609;14;13,89;0,11
https://stepik.org/review/reviews/1220408;14;13,89;0,11
https://stepik.org/review/reviews/1208344;14;13,89;0,11
https://stepik.org/review/reviews/1208271;14;13,89;0,11
https://stepik.org/review/reviews/1208272;14;13,89;0,11
https://stepik.org/review/reviews/1216553;14;13,89;0,11
https://stepik.org/review/reviews/1217184;14;13,89;0,11
https://stepik.org/review/reviews/1254343;14;13,89;0,11
https://stepik.org/review/reviews/1254645;14;13,89;0,11
https://stepik.org/review/reviews/1251481;14;13,89;0,11
https://stepik.org/review/reviews/1251483;14;13,89;0,11
https://stepik.org/review/reviews/1250096;14;13,89;0,11
https://stepik.org/review/reviews/1249122;14;13,89;0,11
https://stepik.org/review/reviews/1208084;14;13,89;0,11
https://stepik.org/review/reviews/1243254;14;13,89;0,11
https://stepik.org/review/reviews/1245379;14;13,89;0,11
https://stepik.org/review/reviews/1208680;14;13,9;0,1
https://stepik.org/review/reviews/1208748;14;13,9;0,1
https://stepik.org/review/reviews/1217075;14;13,9;0,1
https://stepik.org/review/reviews/1211336;14;13,9;0,1
https://stepik.org/review/reviews/1198152;14;13,9;0,1
https://stepik.org/review/reviews/1198324;14;13,9;0,1
https://stepik.org/review/reviews/1257852;14;13,9;0,1
https://stepik.org/review/reviews/1258047;14;13,9;0,1
https://stepik.org/review/reviews/1262967;14;13,9;0,1
https://stepik.org/review/reviews/1249842;14;13,9;0,1
https://stepik.org/review/reviews/1252118;14;13,9;0,1
https://stepik.org/review/reviews/1252282;14;13,9;0,1
https://stepik.org/review/reviews/1263881;14;13,9;0,1
https://stepik.org/review/reviews/1266064;14;13,9;0,1
https://stepik.org/review/reviews/1266850;14;13,9;0,1
https://stepik.org/review/reviews/1186430;14;13,9;0,1
https://stepik.org/review/reviews/1186648;14;13,9;0,1
https://stepik.org/review/reviews/1254735;14;13,9;0,1
https://stepik.org/review/reviews/1254997;14;13,9;0,1
https://stepik.org/review/reviews/1228086;14;13,9;0,1
https://stepik.org/review/reviews/1226071;14;13,9;0,1
https://stepik.org/review/reviews/1224161;14;13,9;0,1
https://stepik.org/review/reviews/1208600;14;13,9;0,1
https://stepik.org/review/reviews/1208803;14;13,9;0,1
https://stepik.org/review/reviews/1213787;14;13,9;0,1
https://stepik.org/review/reviews/1213851;14;13,9;0,1
https://stepik.org/review/reviews/1247336;14;13,9;0,1
https://stepik.org/review/reviews/1247373;14;13,9;0,1
https://stepik.org/review/reviews/1246210;14;13,9;0,1
https://stepik.org/review/reviews/1249380;14;13,9;0,1
https://stepik.org/review/reviews/1247416;14;13,9;0,1
https://stepik.org/review/reviews/1220958;14;13,9;0,1
https://stepik.org/review/reviews/1224188;14;13,9;0,1
https://stepik.org/review/reviews/1241399;14;13,9;0,1
https://stepik.org/review/reviews/1241941;14;13,9;0,1
https://stepik.org/review/reviews/1241972;14;13,9;0,1
https://stepik.org/review/reviews/1201558;14;13,91;0,09
https://stepik.org/review/reviews/1208671;14;13,91;0,09
https://stepik.org/review/reviews/1208731;14;13,91;0,09
https://stepik.org/review/reviews/1235571;14;13,91;0,09
https://stepik.org/review/reviews/1234140;14;13,91;0,09
https://stepik.org/review/reviews/1254339;14;13,91;0,09
https://stepik.org/review/reviews/1254589;14;13,91;0,09
https://stepik.org/review/reviews/1210550;14;13,91;0,09
https://stepik.org/review/reviews/1210739;14;13,91;0,09
https://stepik.org/review/reviews/1221130;14;13,91;0,09
https://stepik.org/review/reviews/1210699;14;13,91;0,09
https://stepik.org/review/reviews/1210060;14;13,91;0,09
https://stepik.org/review/reviews/1236320;14;13,91;0,09
https://stepik.org/review/reviews/1217266;14;13,91;0,09
https://stepik.org/review/reviews/1217278;14;13,91;0,09
https://stepik.org/review/reviews/1217281;14;13,91;0,09
https://stepik.org/review/reviews/1227787;14;13,91;0,09
https://stepik.org/review/reviews/1227890;14;13,91;0,09
https://stepik.org/review/reviews/1205299;14;13,92;0,08
https://stepik.org/review/reviews/1204059;14;13,92;0,08
https://stepik.org/review/reviews/1204209;14;13,92;0,08
https://stepik.org/review/reviews/1241272;14;13,92;0,08
https://stepik.org/review/reviews/1235590;14;13,92;0,08
https://stepik.org/review/reviews/1239789;14;13,92;0,08
https://stepik.org/review/reviews/1213826;14;13,92;0,08
https://stepik.org/review/reviews/1214150;14;13,92;0,08
https://stepik.org/review/reviews/1210767;14;13,92;0,08
https://stepik.org/review/reviews/1211122;14;13,92;0,08
https://stepik.org/review/reviews/1211163;14;13,92;0,08
https://stepik.org/review/reviews/1251552;14;13,92;0,08
https://stepik.org/review/reviews/1245507;14;13,92;0,08
https://stepik.org/review/reviews/1198177;14;13,92;0,08
https://stepik.org/review/reviews/1198337;14;13,92;0,08
https://stepik.org/review/reviews/1195811;14;13,92;0,08
https://stepik.org/review/reviews/1189054;14;13,92;0,08
https://stepik.org/review/reviews/1227908;14;13,92;0,08
https://stepik.org/review/reviews/1226050;14;13,92;0,08
https://stepik.org/review/reviews/1228299;14;13,92;0,08
https://stepik.org/review/reviews/1205308;14;13,92;0,08
https://stepik.org/review/reviews/1205453;14;13,92;0,08
https://stepik.org/review/reviews/1219602;14;13,92;0,08
https://stepik.org/review/reviews/1218339;14;13,92;0,08
https://stepik.org/review/reviews/1220399;14;13,92;0,08
https://stepik.org/review/reviews/1241394;14;13,92;0,08
https://stepik.org/review/reviews/1231352;14;13,92;0,08
https://stepik.org/review/reviews/1228039;14;13,92;0,08
https://stepik.org/review/reviews/1228311;14;13,92;0,08
https://stepik.org/review/reviews/1275576;14;13,92;0,08
https://stepik.org/review/reviews/1247628;14;13,92;0,08
https://stepik.org/review/reviews/1227796;14;13,92;0,08
https://stepik.org/review/reviews/1224688;14;13,92;0,08
https://stepik.org/review/reviews/1261725;14;13,92;0,08
https://stepik.org/review/reviews/1266041;14;13,92;0,08
https://stepik.org/review/reviews/1263093;14;13,92;0,08
https://stepik.org/review/reviews/1213115;14;13,92;0,08
https://stepik.org/review/reviews/1211589;14;13,92;0,08
https://stepik.org/review/reviews/1212287;14;13,92;0,08
https://stepik.org/review/reviews/1208320;14;13,92;0,08
https://stepik.org/review/reviews/1208285;14;13,92;0,08
https://stepik.org/review/reviews/1208311;14;13,92;0,08
https://stepik.org/review/reviews/1245498;14;13,92;0,08
https://stepik.org/review/reviews/1243711;14;13,92;0,08
https://stepik.org/review/reviews/1244141;14;13,92;0,08
https://stepik.org/review/reviews/1210827;14;13,92;0,08
https://stepik.org/review/reviews/1211482;14;13,92;0,08
https://stepik.org/review/reviews/1219648;14;13,92;0,08
https://stepik.org/review/reviews/1218293;14;13,92;0,08
https://stepik.org/review/reviews/1175487;14;13,92;0,08
https://stepik.org/review/reviews/1215054;14;13,92;0,08
https://stepik.org/review/reviews/1216266;14;13,92;0,08
https://stepik.org/review/reviews/1208358;14;13,92;0,08
https://stepik.org/review/reviews/1208440;14;13,92;0,08
https://stepik.org/review/reviews/1208484;14;13,92;0,08
https://stepik.org/review/reviews/1256207;14;13,92;0,08
https://stepik.org/review/reviews/1254329;14;13,92;0,08
https://stepik.org/review/reviews/1190372;14;13,92;0,08
https://stepik.org/review/reviews/1190598;14;13,92;0,08
https://stepik.org/review/reviews/1191617;14;13,92;0,08
https://stepik.org/review/reviews/1207039;14;13,92;0,08
https://stepik.org/review/reviews/1205873;14;13,92;0,08
https://stepik.org/review/reviews/1206091;14;13,92;0,08
https://stepik.org/review/reviews/1166161;14;13,92;0,08
https://stepik.org/review/reviews/1180693;14;13,92;0,08
https://stepik.org/review/reviews/1209955;14;13,92;0,08
https://stepik.org/review/reviews/1210054;14;13,92;0,08
https://stepik.org/review/reviews/1220933;14;13,92;0,08
https://stepik.org/review/reviews/1220944;14;13,92;0,08
https://stepik.org/review/reviews/1221734;14;13,92;0,08
https://stepik.org/review/reviews/1208451;14;13,92;0,08
https://stepik.org/review/reviews/1213806;14;13,93;0,07
https://stepik.org/review/reviews/1213842;14;13,93;0,07
https://stepik.org/review/reviews/1213975;14;13,93;0,07
https://stepik.org/review/reviews/1217083;14;13,93;0,07
https://stepik.org/review/reviews/1217231;14;13,93;0,07
https://stepik.org/review/reviews/1217271;14;13,93;0,07
https://stepik.org/review/reviews/1266859;14;13,93;0,07
https://stepik.org/review/reviews/1257791;14;13,93;0,07
https://stepik.org/review/reviews/1255973;14;13,93;0,07
https://stepik.org/review/reviews/1256160;14;13,93;0,07
https://stepik.org/review/reviews/1227750;14;13,93;0,07
https://stepik.org/review/reviews/1241297;14;13,93;0,07
https://stepik.org/review/reviews/1245446;14;13,93;0,07
https://stepik.org/review/reviews/1247549;14;13,93;0,07
https://stepik.org/review/reviews/1191956;14;13,93;0,07
https://stepik.org/review/reviews/1191665;14;13,93;0,07
https://stepik.org/review/reviews/1213793;14;13,93;0,07
https://stepik.org/review/reviews/1183668;14;13,93;0,07
https://stepik.org/review/reviews/1183687;14;13,93;0,07
https://stepik.org/review/reviews/1227741;14;13,93;0,07
https://stepik.org/review/reviews/1228623;14;13,93;0,07
https://stepik.org/review/reviews/1258452;14;13,93;0,07
https://stepik.org/review/reviews/1258592;14;13,93;0,07
https://stepik.org/review/reviews/1263083;14;13,93;0,07
https://stepik.org/review/reviews/1217101;14;13,93;0,07
https://stepik.org/review/reviews/1217485;14;13,93;0,07
https://stepik.org/review/reviews/1195512;14;13,93;0,07
https://stepik.org/review/reviews/1189779;14;13,93;0,07
https://stepik.org/review/reviews/1249355;14;13,93;0,07
https://stepik.org/review/reviews/1250271;14;13,93;0,07
https://stepik.org/review/reviews/1251220;14;13,93;0,07
https://stepik.org/review/reviews/1209360;14;13,93;0,07
https://stepik.org/review/reviews/1209673;14;13,93;0,07
https://stepik.org/review/reviews/1188091;14;13,93;0,07
https://stepik.org/review/reviews/1169886;14;13,93;0,07
https://stepik.org/review/reviews/1199672;14;13,93;0,07
https://stepik.org/review/reviews/1210789;14;13,93;0,07
https://stepik.org/review/reviews/1209692;14;13,93;0,07
https://stepik.org/review/reviews/1243298;14;13,93;0,07
https://stepik.org/review/reviews/1242225;14;13,93;0,07
https://stepik.org/review/reviews/1243051;14;13,93;0,07
https://stepik.org/review/reviews/1217169;14;13,93;0,07
https://stepik.org/review/reviews/1217218;14;13,93;0,07
https://stepik.org/review/reviews/1251553;14;13,93;0,07
https://stepik.org/review/reviews/1251216;14;13,93;0,07
https://stepik.org/review/reviews/1208447;14;13,93;0,07
https://stepik.org/review/reviews/1208468;14;13,93;0,07
https://stepik.org/review/reviews/1208688;14;13,93;0,07
https://stepik.org/review/reviews/1162139;14;13,93;0,07
https://stepik.org/review/reviews/1164339;14;13,93;0,07
https://stepik.org/review/reviews/1224867;14;13,93;0,07
https://stepik.org/review/reviews/1227855;14;13,93;0,07
https://stepik.org/review/reviews/1228634;14;13,93;0,07
https://stepik.org/review/reviews/1266056;14;13,93;0,07
https://stepik.org/review/reviews/1266849;14;13,93;0,07
https://stepik.org/review/reviews/1241059;14;13,93;0,07
https://stepik.org/review/reviews/1266861;14;13,93;0,07
https://stepik.org/review/reviews/1267589;14;13,93;0,07
https://stepik.org/review/reviews/1210800;14;13,93;0,07
https://stepik.org/review/reviews/1209687;14;13,93;0,07
https://stepik.org/review/reviews/1251556;14;13,93;0,07
https://stepik.org/review/reviews/1251573;14;13,93;0,07
https://stepik.org/review/reviews/1254255;14;13,93;0,07
https://stepik.org/review/reviews/1254271;14;13,93;0,07
https://stepik.org/review/reviews/1217228;14;13,93;0,07
https://stepik.org/review/reviews/1217276;14;13,93;0,07
https://stepik.org/review/reviews/1217277;14;13,93;0,07
https://stepik.org/review/reviews/1241333;14;13,94;0,06
https://stepik.org/review/reviews/1236619;14;13,94;0,06
https://stepik.org/review/reviews/1221170;14;13,94;0,06
https://stepik.org/review/reviews/1221968;14;13,94;0,06
https://stepik.org/review/reviews/1222401;14;13,94;0,06
https://stepik.org/review/reviews/1203933;14;13,94;0,06
https://stepik.org/review/reviews/1204019;14;13,94;0,06
https://stepik.org/review/reviews/1204110;14;13,94;0,06
https://stepik.org/review/reviews/1257774;14;13,94;0,06
https://stepik.org/review/reviews/1256219;14;13,94;0,06
https://stepik.org/review/reviews/1221910;14;13,94;0,06
https://stepik.org/review/reviews/1182943;14;13,94;0,06
https://stepik.org/review/reviews/1183020;14;13,94;0,06
https://stepik.org/review/reviews/1183676;14;13,94;0,06
https://stepik.org/review/reviews/1186327;14;13,94;0,06
https://stepik.org/review/reviews/1186549;14;13,94;0,06
https://stepik.org/review/reviews/1184558;14;13,94;0,06
https://stepik.org/review/reviews/1183664;14;13,94;0,06
https://stepik.org/review/reviews/1209352;14;13,94;0,06
https://stepik.org/review/reviews/1209355;14;13,94;0,06
https://stepik.org/review/reviews/1209410;14;13,94;0,06
https://stepik.org/review/reviews/1220947;14;13,94;0,06
https://stepik.org/review/reviews/1217091;14;13,94;0,06
https://stepik.org/review/reviews/1220416;14;13,94;0,06
https://stepik.org/review/reviews/1224826;14;13,94;0,06
https://stepik.org/review/reviews/1227648;14;13,94;0,06
https://stepik.org/review/reviews/1224577;14;13,94;0,06
https://stepik.org/review/reviews/1249114;14;13,94;0,06
https://stepik.org/review/reviews/1249363;14;13,94;0,06
https://stepik.org/review/reviews/1247402;14;13,94;0,06
https://stepik.org/review/reviews/1247914;14;13,94;0,06
https://stepik.org/review/reviews/1256161;14;13,94;0,06
https://stepik.org/review/reviews/1256236;14;13,94;0,06
https://stepik.org/review/reviews/1186109;14;13,94;0,06
https://stepik.org/review/reviews/1185173;14;13,94;0,06
https://stepik.org/review/reviews/1245400;14;13,94;0,06
https://stepik.org/review/reviews/1249854;14;13,94;0,06
https://stepik.org/review/reviews/1237658;14;13,94;0,06
https://stepik.org/review/reviews/1254318;14;13,94;0,06
https://stepik.org/review/reviews/1252728;14;13,94;0,06
https://stepik.org/review/reviews/1184571;14;13,94;0,06
https://stepik.org/review/reviews/1184627;14;13,94;0,06
https://stepik.org/review/reviews/1206579;14;13,94;0,06
https://stepik.org/review/reviews/1207112;14;13,94;0,06
https://stepik.org/review/reviews/1206245;14;13,94;0,06
https://stepik.org/review/reviews/1216530;14;13,94;0,06
https://stepik.org/review/reviews/1216552;14;13,94;0,06
https://stepik.org/review/reviews/1251477;14;13,94;0,06
https://stepik.org/review/reviews/1247736;14;13,94;0,06
https://stepik.org/review/reviews/1251188;14;13,94;0,06
https://stepik.org/review/reviews/1208768;14;13,94;0,06
https://stepik.org/review/reviews/1208789;14;13,94;0,06
https://stepik.org/review/reviews/1208450;14;13,94;0,06
https://stepik.org/review/reviews/1208654;14;13,94;0,06
https://stepik.org/review/reviews/1208837;14;13,94;0,06
https://stepik.org/review/reviews/1216524;14;13,94;0,06
https://stepik.org/review/reviews/1216547;14;13,94;0,06
https://stepik.org/review/reviews/1166155;14;13,94;0,06
https://stepik.org/review/reviews/1201584;14;13,94;0,06
https://stepik.org/review/reviews/1203842;14;13,94;0,06
https://stepik.org/review/reviews/1201967;14;13,94;0,06
https://stepik.org/review/reviews/1199691;14;13,94;0,06
https://stepik.org/review/reviews/1201933;14;13,94;0,06
https://stepik.org/review/reviews/1256156;14;13,94;0,06
https://stepik.org/review/reviews/1256232;14;13,94;0,06
https://stepik.org/review/reviews/1217506;14;13,94;0,06
https://stepik.org/review/reviews/1218296;14;13,94;0,06
https://stepik.org/review/reviews/1221094;14;13,94;0,06
https://stepik.org/review/reviews/1222137;14;13,94;0,06
https://stepik.org/review/reviews/1209888;14;13,94;0,06
https://stepik.org/review/reviews/1198161;14;13,94;0,06
https://stepik.org/review/reviews/1195501;14;13,94;0,06
https://stepik.org/review/reviews/1195807;14;13,94;0,06
https://stepik.org/review/reviews/1214022;14;13,94;0,06
https://stepik.org/review/reviews/1214328;14;13,94;0,06
https://stepik.org/review/reviews/1218763;14;13,94;0,06
https://stepik.org/review/reviews/1217864;14;13,94;0,06
https://stepik.org/review/reviews/1231444;14;13,94;0,06
https://stepik.org/review/reviews/1247330;14;13,94;0,06
https://stepik.org/review/reviews/1246042;14;13,94;0,06
https://stepik.org/review/reviews/1244173;14;13,94;0,06
https://stepik.org/review/reviews/1225916;14;13,94;0,06
https://stepik.org/review/reviews/1224686;14;13,94;0,06
https://stepik.org/review/reviews/1223053;14;13,94;0,06
https://stepik.org/review/reviews/1224558;14;13,94;0,06
https://stepik.org/review/reviews/1208467;14;13,94;0,06
https://stepik.org/review/reviews/1208750;14;13,94;0,06
https://stepik.org/review/reviews/1213853;14;13,94;0,06
https://stepik.org/review/reviews/1214003;14;13,94;0,06
https://stepik.org/review/reviews/1214051;14;13,94;0,06
https://stepik.org/review/reviews/1249611;14;13,94;0,06
https://stepik.org/review/reviews/1250204;14;13,94;0,06
https://stepik.org/review/reviews/1251480;14;13,94;0,06
https://stepik.org/review/reviews/1252244;14;13,94;0,06
https://stepik.org/review/reviews/1213776;14;13,94;0,06
https://stepik.org/review/reviews/1218759;14;13,94;0,06
https://stepik.org/review/reviews/1201611;14;13,94;0,06
https://stepik.org/review/reviews/1198369;14;13,94;0,06
https://stepik.org/review/reviews/1199009;14;13,94;0,06
https://stepik.org/review/reviews/1208073;14;13,94;0,06
https://stepik.org/review/reviews/1266121;14;13,94;0,06
https://stepik.org/review/reviews/1263435;14;13,94;0,06
https://stepik.org/review/reviews/1243308;14;13,94;0,06
https://stepik.org/review/reviews/1243682;14;13,94;0,06
https://stepik.org/review/reviews/1244128;14;13,94;0,06
https://stepik.org/review/reviews/1184602;14;13,94;0,06
https://stepik.org/review/reviews/1184924;14;13,94;0,06
https://stepik.org/review/reviews/1211328;14;13,94;0,06
https://stepik.org/review/reviews/1235579;14;13,95;0,05
https://stepik.org/review/reviews/1236276;14;13,95;0,05
https://stepik.org/review/reviews/1236836;14;13,95;0,05
https://stepik.org/review/reviews/1262970;14;13,95;0,05
https://stepik.org/review/reviews/1261088;14;13,95;0,05
https://stepik.org/review/reviews/1205759;14;13,95;0,05
https://stepik.org/review/reviews/1205760;14;13,95;0,05
https://stepik.org/review/reviews/1205815;14;13,95;0,05
https://stepik.org/review/reviews/1210831;14;13,95;0,05
https://stepik.org/review/reviews/1202063;14;13,95;0,05
https://stepik.org/review/reviews/1192384;14;13,95;0,05
https://stepik.org/review/reviews/1194892;14;13,95;0,05
https://stepik.org/review/reviews/1193281;14;13,95;0,05
https://stepik.org/review/reviews/1192371;14;13,95;0,05
https://stepik.org/review/reviews/1193274;14;13,95;0,05
https://stepik.org/review/reviews/1217232;14;13,95;0,05
https://stepik.org/review/reviews/1214167;14;13,95;0,05
https://stepik.org/review/reviews/1251421;14;13,95;0,05
https://stepik.org/review/reviews/1201958;14;13,95;0,05
https://stepik.org/review/reviews/1202052;14;13,95;0,05
https://stepik.org/review/reviews/1231738;14;13,95;0,05
https://stepik.org/review/reviews/1227675;14;13,95;0,05
https://stepik.org/review/reviews/1227748;14;13,95;0,05
https://stepik.org/review/reviews/1213782;14;13,95;0,05
https://stepik.org/review/reviews/1213804;14;13,95;0,05
https://stepik.org/review/reviews/1214136;14;13,95;0,05
https://stepik.org/review/reviews/1207635;14;13,95;0,05
https://stepik.org/review/reviews/1208112;14;13,95;0,05
https://stepik.org/review/reviews/1208133;14;13,95;0,05
https://stepik.org/review/reviews/1188147;14;13,95;0,05
https://stepik.org/review/reviews/1188271;14;13,95;0,05
https://stepik.org/review/reviews/1188250;14;13,95;0,05
https://stepik.org/review/reviews/1236383;14;13,95;0,05
https://stepik.org/review/reviews/1236615;14;13,95;0,05
https://stepik.org/review/reviews/1252721;14;13,95;0,05
https://stepik.org/review/reviews/1165662;14;13,95;0,05
https://stepik.org/review/reviews/1166100;14;13,95;0,05
https://stepik.org/review/reviews/1258031;14;13,95;0,05
https://stepik.org/review/reviews/1254499;14;13,95;0,05
https://stepik.org/review/reviews/1252714;14;13,95;0,05
https://stepik.org/review/reviews/1205466;14;13,95;0,05
https://stepik.org/review/reviews/1205746;14;13,95;0,05
https://stepik.org/review/reviews/1205751;14;13,95;0,05
https://stepik.org/review/reviews/1206800;14;13,95;0,05
https://stepik.org/review/reviews/1205579;14;13,95;0,05
https://stepik.org/review/reviews/1188031;14;13,95;0,05
https://stepik.org/review/reviews/1188123;14;13,95;0,05
https://stepik.org/review/reviews/1186901;14;13,95;0,05
https://stepik.org/review/reviews/1204225;14;13,95;0,05
https://stepik.org/review/reviews/1205301;14;13,95;0,05
https://stepik.org/review/reviews/1245448;14;13,95;0,05
https://stepik.org/review/reviews/1247559;14;13,95;0,05
https://stepik.org/review/reviews/1203853;14;13,95;0,05
https://stepik.org/review/reviews/1201937;14;13,95;0,05
https://stepik.org/review/reviews/1201983;14;13,95;0,05
https://stepik.org/review/reviews/1210797;14;13,95;0,05
https://stepik.org/review/reviews/1209868;14;13,95;0,05
https://stepik.org/review/reviews/1209719;14;13,95;0,05
https://stepik.org/review/reviews/1209747;14;13,95;0,05
https://stepik.org/review/reviews/1209963;14;13,95;0,05
https://stepik.org/review/reviews/1238725;14;13,95;0,05
https://stepik.org/review/reviews/1232892;14;13,95;0,05
https://stepik.org/review/reviews/1161626;14;13,95;0,05
https://stepik.org/review/reviews/1207611;14;13,95;0,05
https://stepik.org/review/reviews/1187978;14;13,95;0,05
https://stepik.org/review/reviews/1186509;14;13,95;0,05
https://stepik.org/review/reviews/1186872;14;13,95;0,05
https://stepik.org/review/reviews/1257764;14;13,95;0,05
https://stepik.org/review/reviews/1256214;14;13,95;0,05
https://stepik.org/review/reviews/1256367;14;13,95;0,05
https://stepik.org/review/reviews/1206864;14;13,96;0,04
https://stepik.org/review/reviews/1206893;14;13,96;0,04
https://stepik.org/review/reviews/1206936;14;13,96;0,04
https://stepik.org/review/reviews/1241275;14;13,96;0,04
https://stepik.org/review/reviews/1238714;14;13,96;0,04
https://stepik.org/review/reviews/1186229;14;13,96;0,04
https://stepik.org/review/reviews/1186239;14;13,96;0,04
https://stepik.org/review/reviews/1208421;14;13,96;0,04
https://stepik.org/review/reviews/1208422;14;13,96;0,04
https://stepik.org/review/reviews/1248347;14;13,96;0,04
https://stepik.org/review/reviews/1254636;14;13,96;0,04
https://stepik.org/review/reviews/1204351;14;13,96;0,04
https://stepik.org/review/reviews/1205623;14;13,96;0,04
https://stepik.org/review/reviews/1206050;14;13,96;0,04
https://stepik.org/review/reviews/1233912;14;13,97;0,03
https://stepik.org/review/reviews/1247561;14;13,97;0,03
https://stepik.org/review/reviews/1249808;14;13,97;0,03
https://stepik.org/review/reviews/1173730;14;13,97;0,03
https://stepik.org/review/reviews/1169842;14;13,97;0,03
https://stepik.org/review/reviews/1182692;14;13,97;0,03
https://stepik.org/review/reviews/1200835;14;13,97;0,03
https://stepik.org/review/reviews/1199265;14;13,97;0,03
https://stepik.org/review/reviews/1197585;14;13,97;0,03
https://stepik.org/review/reviews/1224844;14;13,97;0,03
https://stepik.org/review/reviews/1227740;14;13,97;0,03
https://stepik.org/review/reviews/1255994;14;13,97;0,03
https://stepik.org/review/reviews/1218229;14;13,97;0,03
https://stepik.org/review/reviews/1220586;14;13,97;0,03
https://stepik.org/review/reviews/1196570;14;13,97;0,03
https://stepik.org/review/reviews/1194856;14;13,97;0,03
https://stepik.org/review/reviews/1196005;14;13,97;0,03
https://stepik.org/review/reviews/1221855;14;13,97;0,03
https://stepik.org/review/reviews/1254606;14;13,97;0,03
https://stepik.org/review/reviews/1251193;14;13,97;0,03
https://stepik.org/review/reviews/1236602;14;13,97;0,03
https://stepik.org/review/reviews/1211139;14;13,97;0,03
https://stepik.org/review/reviews/1211393;14;13,97;0,03
https://stepik.org/review/reviews/1211416;14;13,97;0,03
https://stepik.org/review/reviews/1220024;14;13,97;0,03
https://stepik.org/review/reviews/1209536;14;13,97;0,03
https://stepik.org/review/reviews/1209700;14;13,97;0,03
https://stepik.org/review/reviews/1209749;14;13,97;0,03
https://stepik.org/review/reviews/1186065;14;13,97;0,03
https://stepik.org/review/reviews/1207295;14;13,97;0,03
https://stepik.org/review/reviews/1206859;14;13,97;0,03
https://stepik.org/review/reviews/1206053;14;13,97;0,03
https://stepik.org/review/reviews/1245444;14;13,98;0,02
https://stepik.org/review/reviews/1239709;14;13,98;0,02
https://stepik.org/review/reviews/1255634;14;13,98;0,02
https://stepik.org/review/reviews/1257820;14;13,98;0,02
https://stepik.org/review/reviews/1258620;14;13,98;0,02
https://stepik.org/review/reviews/1184257;14;13,98;0,02
https://stepik.org/review/reviews/1209046;14;13,98;0,02
https://stepik.org/review/reviews/1209327;14;13,98;0,02
https://stepik.org/review/reviews/1213604;14;13,98;0,02
https://stepik.org/review/reviews/1184435;14;13,98;0,02
https://stepik.org/review/reviews/1194868;14;13,98;0,02
https://stepik.org/review/reviews/1191693;14;13,98;0,02
https://stepik.org/review/reviews/1193937;14;13,98;0,02
https://stepik.org/review/reviews/1186061;14;13,98;0,02
https://stepik.org/review/reviews/1184450;14;13,98;0,02
https://stepik.org/review/reviews/1184547;14;13,98;0,02
https://stepik.org/review/reviews/1233895;14;13,98;0,02
https://stepik.org/review/reviews/1236552;14;13,98;0,02
https://stepik.org/review/reviews/1232888;14;13,98;0,02
https://stepik.org/review/reviews/1180665;14;13,98;0,02
https://stepik.org/review/reviews/1213666;14;13,98;0,02
https://stepik.org/review/reviews/1198146;14;13,98;0,02
https://stepik.org/review/reviews/1198332;14;13,98;0,02
https://stepik.org/review/reviews/1197987;14;13,98;0,02
https://stepik.org/review/reviews/1161807;14;13,98;0,02
https://stepik.org/review/reviews/1161975;14;13,98;0,02
https://stepik.org/review/reviews/1163048;14;13,98;0,02
https://stepik.org/review/reviews/1216144;14;13,98;0,02
https://stepik.org/review/reviews/1216335;14;13,98;0,02
https://stepik.org/review/reviews/1210553;14;13,98;0,02
https://stepik.org/review/reviews/1213629;14;13,98;0,02
https://stepik.org/review/reviews/1211076;14;13,98;0,02
https://stepik.org/review/reviews/1213756;14;13,98;0,02
https://stepik.org/review/reviews/1216098;14;13,98;0,02
https://stepik.org/review/reviews/1201871;14;13,98;0,02
https://stepik.org/review/reviews/1201737;14;13,98;0,02
https://stepik.org/review/reviews/1201866;14;13,98;0,02
https://stepik.org/review/reviews/1187832;14;13,98;0,02
https://stepik.org/review/reviews/1187374;14;13,98;0,02
https://stepik.org/review/reviews/1218204;14;13,98;0,02
https://stepik.org/review/reviews/1218325;14;13,98;0,02
https://stepik.org/review/reviews/1228341;14;13,98;0,02
https://stepik.org/review/reviews/1228531;14;13,98;0,02
https://stepik.org/review/reviews/1232889;14;13,98;0,02
https://stepik.org/review/reviews/1254843;14;13,98;0,02
https://stepik.org/review/reviews/1218248;14;13,99;0,01
https://stepik.org/review/reviews/1208755;14;13,99;0,01
https://stepik.org/review/reviews/1209256;14;13,99;0,01
https://stepik.org/review/reviews/1195971;14;13,99;0,01
https://stepik.org/review/reviews/1241323;14;13,99;0,01
https://stepik.org/review/reviews/1203742;14;13,99;0,01
https://stepik.org/review/reviews/1203902;14;13,99;0,01
https://stepik.org/review/reviews/1204112;14;13,99;0,01
https://stepik.org/review/reviews/1213735;14;13,99;0,01
https://stepik.org/review/reviews/1213998;14;13,99;0,01
https://stepik.org/review/reviews/1198154;14;13,99;0,01
https://stepik.org/review/reviews/1198157;14;13,99;0,01
https://stepik.org/review/reviews/1217282;14;13,99;0,01
https://stepik.org/review/reviews/1218145;14;13,99;0,01
https://stepik.org/review/reviews/1194876;14;13,99;0,01
https://stepik.org/review/reviews/1191721;14;13,99;0,01
https://stepik.org/review/reviews/1193946;14;13,99;0,01
https://stepik.org/review/reviews/1251440;14;13,99;0,01
https://stepik.org/review/reviews/1247675;14;13,99;0,01
https://stepik.org/review/reviews/1208359;14;13,99;0,01
https://stepik.org/review/reviews/1208438;14;13,99;0,01
https://stepik.org/review/reviews/1206991;14;13,99;0,01
https://stepik.org/review/reviews/1256163;14;13,99;0,01
https://stepik.org/review/reviews/1257416;14;13,99;0,01
https://stepik.org/review/reviews/1209982;14;13,99;0,01
https://stepik.org/review/reviews/1165650;14;13,99;0,01
https://stepik.org/review/reviews/1164344;14;13,99;0,01
https://stepik.org/review/reviews/1163168;14;13,99;0,01
https://stepik.org/review/reviews/1205151;14;13,99;0,01
https://stepik.org/review/reviews/1203968;14;13,99;0,01
https://stepik.org/review/reviews/1209705;14;13,99;0,01
https://stepik.org/review/reviews/1209754;14;13,99;0,01
https://stepik.org/review/reviews/1209993;14;13,99;0,01
https://stepik.org/review/reviews/1198284;14;13,99;0,01
https://stepik.org/review/reviews/1191871;14;13,99;0,01
https://stepik.org/review/reviews/1186765;14;13,99;0,01
https://stepik.org/review/reviews/1187728;14;13,99;0,01
https://stepik.org/review/reviews/1197552;14;13,99;0,01
https://stepik.org/review/reviews/1197658;14;13,99;0,01
https://stepik.org/review/reviews/1197875;14;13,99;0,01
https://stepik.org/review/reviews/1161996;14;13,99;0,01
https://stepik.org/review/reviews/1163074;14;13,99;0,01
https://stepik.org/review/reviews/1208428;14;13,99;0,01
https://stepik.org/review/reviews/1208435;14;13,99;0,01
https://stepik.org/review/reviews/1208765;14;13,99;0,01
https://stepik.org/review/reviews/1213596;14;13,99;0,01
https://stepik.org/review/reviews/1213677;14;13,99;0,01
https://stepik.org/review/reviews/1187862;14;13,99;0,01
https://stepik.org/review/reviews/1188066;14;13,99;0,01
https://stepik.org/review/reviews/1198165;14;13,99;0,01
https://stepik.org/review/reviews/1188967;14;13,99;0,01
https://stepik.org/review/reviews/1191793;14;13,99;0,01
https://stepik.org/review/reviews/1173067;14;14;0
https://stepik.org/review/reviews/1175475;14;14;0
https://stepik.org/review/reviews/1172651;14;14;0
https://stepik.org/review/reviews/1170631;14;14;0
https://stepik.org/review/reviews/1203998;14;14;0
https://stepik.org/review/reviews/1188081;14;14;0
https://stepik.org/review/reviews/1190185;14;14;0
https://stepik.org/review/reviews/1190537;14;14;0
https://stepik.org/review/reviews/1216862;14;14;0
https://stepik.org/review/reviews/1216950;14;14;0
https://stepik.org/review/reviews/1197491;14;14;0
https://stepik.org/review/reviews/1196009;14;14;0
https://stepik.org/review/reviews/1211098;14;14;0
